<?xml version="1.0" encoding="UTF-8"?>
<beans:beans xmlns="http://www.springframework.org/schema/security"
	xmlns:xsi="http://www.w3.org/2001/XMLSchema-instance" 
	xmlns:beans="http://www.springframework.org/schema/beans"
	xsi:schemaLocation="http://www.springframework.org/schema/beans
		http://www.springframework.org/schema/beans/spring-beans-4.0.xsd
		http://www.springframework.org/schema/security
		http://www.springframework.org/schema/security/spring-security-4.0.xsd">

	<!-- 配置为none的不经过任何spring的过滤器 -->
	<http pattern="/resources/**" security="none" />
	<http pattern="/sitemap.xml" security="none" />
	<http pattern="/favicon.ico" security="none" />
	
	<!-- 配置为permitAll允许用户访问，但依然经过过滤器处理 -->
	<http auto-config="true" use-expressions="true">
		
		<intercept-url pattern="/"	access="permitAll" />
		<intercept-url pattern="/index*" access="permitAll" />
		<intercept-url pattern="/signin*" access="permitAll" />
		<intercept-url pattern="/login*" access="permitAll" />
		<intercept-url pattern="/register*" access="permitAll" />
		<intercept-url pattern="/invalidsession*" access="permitAll" />
		<intercept-url pattern="/404*" access="none" />
		
		<form-login login-page="/signin" authentication-failure-url="/signin?login_error" default-target-url="/query"/>
		<logout logout-success-url="/query" delete-cookies="JSESSIONID" />
		
		<intercept-url pattern="/admin" access="hasRole('ROLE_ADMIN')" />
		<intercept-url pattern="/**" access="hasAnyRole('ROLE_ADMIN','ROLE_USER')" />
	
		<csrf disabled="true" />
		<access-denied-handler error-page="/403" />
		
		<remember-me data-source-ref="dataSource" token-validity-seconds="1209600" remember-me-parameter="remember-me" />
		
		<session-management invalid-session-url="/"> 
			<concurrency-control max-sessions="1"/> 
		</session-management>
		
	</http>

	<authentication-manager erase-credentials="false">
		<authentication-provider>
			<password-encoder ref="bcryptEncoder" />
			<jdbc-user-service data-source-ref="dataSource" />
		</authentication-provider>
	</authentication-manager>

	<beans:bean id="messageSource"
		class="org.springframework.context.support.ReloadableResourceBundleMessageSource">
		<beans:property name="basenames">
			<beans:list>
				<beans:value>classpath:myMessages</beans:value>
			</beans:list>
		</beans:property>
	</beans:bean>

	<beans:bean name="bcryptEncoder" class="org.springframework.security.crypto.bcrypt.BCryptPasswordEncoder" />

</beans:beans>